namakab,kodekec,namakec,idkab
BOGOR,320121,NANGGUNG,3201
BOGOR,320114,LEUWILIANG,3201
BOGOR,320139,LEUWISADENG,3201
BOGOR,320117,PAMIJAHAN,3201
BOGOR,320116,CIBUNGBULANG,3201
BOGOR,320115,CIAMPEA,3201
BOGOR,320140,TENJOLAYA,3201
BOGOR,320130,DRAMAGA,3201
BOGOR,320129,CIOMAS,3201
BOGOR,320131,TAMANSARI,3201
BOGOR,320128,CIJERUK,3201
BOGOR,320138,CIGOMBONG,3201
BOGOR,320127,CARINGIN,3201
BOGOR,320124,CIAWI,3201
BOGOR,320125,CISARUA,3201
BOGOR,320126,MEGAMENDUNG,3201
BOGOR,320104,SUKARAJA,3201
BOGOR,320105,BABAKAN MADANG,3201
BOGOR,320109,SUKAMAKMUR,3201
BOGOR,320108,CARIU,3201
BOGOR,320136,TANJUNGSARI,3201
BOGOR,320106,JONGGOL,3201
BOGOR,320107,CILEUNGSI,3201
BOGOR,320132,KLAPANUNGGAL,3201
BOGOR,320102,GUNUNG PUTRI,3201
BOGOR,320103,CITEUREUP,3201
BOGOR,320101,CIBINONG,3201
BOGOR,320113,BOJONG GEDE,3201
BOGOR,320137,TAJURHALANG,3201
BOGOR,320112,KEMANG,3201
BOGOR,320134,RANCA BUNGUR,3201
BOGOR,320110,PARUNG,3201
BOGOR,320133,CISEENG,3201
BOGOR,320111,GUNUNG SINDUR,3201
BOGOR,320118,RUMPIN,3201
BOGOR,320122,CIGUDEG,3201
BOGOR,320135,SUKAJAYA,3201
BOGOR,320119,JASINGA,3201
BOGOR,320123,TENJO,3201
BOGOR,320120,PARUNG PANJANG,3201
SUKABUMI,320222,CIEMAS,3202
SUKABUMI,320226,CIRACAP,3202
SUKABUMI,320220,WALURAN,3202
SUKABUMI,320224,SURADE,3202
SUKABUMI,320225,CIBITUNG,3202
SUKABUMI,320221,JAMPANGKULON,3202
SUKABUMI,320246,CIMANGGU,3202
SUKABUMI,320223,KALIBUNDER,3202
SUKABUMI,320245,TEGALBULEUD,3202
SUKABUMI,320243,CIDOLOG,3202
SUKABUMI,320241,SAGARANTEN,3202
SUKABUMI,320244,CIDADAP,3202
SUKABUMI,320242,CURUGKEMBAR,3202
SUKABUMI,320237,PABUARAN,3202
SUKABUMI,320207,LENGKONG,3202
SUKABUMI,320201,PALABUHANRATU,3202
SUKABUMI,320202,SIMPENAN,3202
SUKABUMI,320209,WARUNGKIARA,3202
SUKABUMI,320204,BANTARGADUNG,3202
SUKABUMI,320208,JAMPANGTENGAH,3202
SUKABUMI,320238,PURABAYA,3202
SUKABUMI,320210,CIKEMBAR,3202
SUKABUMI,320239,NYALINDUNG,3202
SUKABUMI,320240,GEGERBITUNG,3202
SUKABUMI,320233,SUKARAJA,3202
SUKABUMI,320234,KEBONPEDES,3202
SUKABUMI,320235,CIREUNGHAS,3202
SUKABUMI,320236,SUKALARANG,3202
SUKABUMI,320232,SUKABUMI,3202
SUKABUMI,320230,KADUDAMPIT,3202
SUKABUMI,320229,CISAAT,3202
SUKABUMI,320227,GUNUNGGURUH,3202
SUKABUMI,320211,CIBADAK,3202
SUKABUMI,320228,CICANTAYAN,3202
SUKABUMI,320231,CARINGIN,3202
SUKABUMI,320212,NAGRAK,3202
SUKABUMI,320247,CIAMBAR,3202
SUKABUMI,320216,CICURUG,3202
SUKABUMI,320217,CIDAHU,3202
SUKABUMI,320215,PARAKANSALAK,3202
SUKABUMI,320213,PARUNGKUDA,3202
SUKABUMI,320214,BOJONGGENTENG,3202
SUKABUMI,320218,KALAPANUNGGAL,3202
SUKABUMI,320206,CIKIDANG,3202
SUKABUMI,320205,CISOLOK,3202
SUKABUMI,320203,CIKAKAK,3202
SUKABUMI,320219,KABANDUNGAN,3202
CIANJUR,320322,AGRABINTA,3203
CIANJUR,320330,LELES,3203
CIANJUR,320321,SINDANGBARANG,3203
CIANJUR,320323,CIDAUN,3203
CIANJUR,320324,NARINGGUL,3203
CIANJUR,320320,CIBINONG,3203
CIANJUR,320326,CIKADU,3203
CIANJUR,320319,TANGGEUNG,3203
CIANJUR,320332,PASIRKUDA,3203
CIANJUR,320317,KADUPANDAK,3203
CIANJUR,320329,CIJATI,3203
CIANJUR,320316,TAKOKAK,3203
CIANJUR,320314,SUKANAGARA,3203
CIANJUR,320318,PAGELARAN,3203
CIANJUR,320315,CAMPAKA,3203
CIANJUR,320325,CAMPAKAMULYA,3203
CIANJUR,320303,CIBEBER,3203
CIANJUR,320302,WARUNGKONDANG,3203
CIANJUR,320327,GEKBRONG,3203
CIANJUR,320304,CILAKU,3203
CIANJUR,320309,SUKALUYU,3203
CIANJUR,320306,BOJONGPICUNG,3203
CIANJUR,320331,HAURWANGI,3203
CIANJUR,320305,CIRANJANG,3203
CIANJUR,320308,MANDE,3203
CIANJUR,320307,KARANGTENGAH,3203
CIANJUR,320301,CIANJUR,3203
CIANJUR,320311,CUGENANG,3203
CIANJUR,320310,PACET,3203
CIANJUR,320328,CIPANAS,3203
CIANJUR,320313,SUKARESMI,3203
CIANJUR,320312,CIKALONGKULON,3203
BANDUNG,320439,CIWIDEY,3204
BANDUNG,320440,RANCABALI,3204
BANDUNG,320438,PASIRJAMBU,3204
BANDUNG,320417,CIMAUNG,3204
BANDUNG,320415,PANGALENGAN,3204
BANDUNG,320431,KERTASARI,3204
BANDUNG,320430,PACET,3204
BANDUNG,320436,IBUN,3204
BANDUNG,320435,PASEH,3204
BANDUNG,320427,CIKANCUNG,3204
BANDUNG,320425,CICALENGKA,3204
BANDUNG,320426,NAGREG,3204
BANDUNG,320428,RANCAEKEK,3204
BANDUNG,320433,MAJALAYA,3204
BANDUNG,320434,SOLOKANJERUK,3204
BANDUNG,320429,CIPARAY,3204
BANDUNG,320432,BALEENDAH,3204
BANDUNG,320416,ARJASARI,3204
BANDUNG,320413,BANJARAN,3204
BANDUNG,320444,CANGKUANG,3204
BANDUNG,320414,PAMEUNGPEUK,3204
BANDUNG,320411,KATAPANG,3204
BANDUNG,320437,SOREANG,3204
BANDUNG,320446,KUTAWARINGIN,3204
BANDUNG,320410,MARGAASIH,3204
BANDUNG,320409,MARGAHAYU,3204
BANDUNG,320412,DAYEUHKOLOT,3204
BANDUNG,320408,BOJONGSOANG,3204
BANDUNG,320405,CILEUNYI,3204
BANDUNG,320407,CILENGKRANG,3204
BANDUNG,320406,CIMENYAN,3204
GARUT,320535,CISEWU,3205
GARUT,320536,CARINGIN,3205
GARUT,320537,TALEGONG,3205
GARUT,320531,BUNGBULANG,3205
GARUT,320532,MEKARMUKTI,3205
GARUT,320534,PAMULIHAN,3205
GARUT,320533,PAKENJENG,3205
GARUT,320530,CIKELET,3205
GARUT,320527,PAMEUNGPEUK,3205
GARUT,320529,CIBALONG,3205
GARUT,320528,CISOMPET,3205
GARUT,320526,PEUNDEUY,3205
GARUT,320524,SINGAJAYA,3205
GARUT,320525,CIHURIP,3205
GARUT,320522,CIKAJANG,3205
GARUT,320523,BANJARWANGI,3205
GARUT,320519,CILAWU,3205
GARUT,320517,BAYONGBONG,3205
GARUT,320518,CIGEDUG,3205
GARUT,320520,CISURUPAN,3205
GARUT,320521,SUKARESMI,3205
GARUT,320507,SAMARANG,3205
GARUT,320508,PASIRWANGI,3205
GARUT,320505,TAROGONG KIDUL,3205
GARUT,320504,TAROGONG KALER,3205
GARUT,320501,GARUT KOTA,3205
GARUT,320502,KARANGPAWITAN,3205
GARUT,320503,WANARAJA,3205
GARUT,320542,SUCINARAJA,3205
GARUT,320541,PANGATIKAN,3205
GARUT,320515,SUKAWENING,3205
GARUT,320516,KARANGTENGAH,3205
GARUT,320506,BANYURESMI,3205
GARUT,320509,LELES,3205
GARUT,320511,LEUWIGOONG,3205
GARUT,320512,CIBATU,3205
GARUT,320513,KERSAMANAH,3205
GARUT,320540,CIBIUK,3205
GARUT,320510,KADUNGORA,3205
GARUT,320538,BL. LIMBANGAN,3205
GARUT,320539,SELAAWI,3205
GARUT,320514,MALANGBONG,3205
TASIKMALAYA,320601,CIPATUJAH,3206
TASIKMALAYA,320602,KARANGNUNGGAL,3206
TASIKMALAYA,320603,CIKALONG,3206
TASIKMALAYA,320604,PANCATENGAH,3206
TASIKMALAYA,320605,CIKATOMAS,3206
TASIKMALAYA,320606,CIBALONG,3206
TASIKMALAYA,320607,PARUNGPONTENG,3206
TASIKMALAYA,320608,BANTARKALONG,3206
TASIKMALAYA,320609,BOJONGASIH,3206
TASIKMALAYA,320610,CULAMEGA,3206
TASIKMALAYA,320611,BOJONGGAMBIR,3206
TASIKMALAYA,320612,SODONGHILIR,3206
TASIKMALAYA,320613,TARAJU,3206
TASIKMALAYA,320614,SALAWU,3206
TASIKMALAYA,320615,PUSPAHIANG,3206
TASIKMALAYA,320616,TANJUNGJAYA,3206
TASIKMALAYA,320617,SUKARAJA,3206
TASIKMALAYA,320618,SALOPA,3206
TASIKMALAYA,320619,JATIWARAS,3206
TASIKMALAYA,320620,CINEAM,3206
TASIKMALAYA,320621,KARANG JAYA,3206
TASIKMALAYA,320622,MANONJAYA,3206
TASIKMALAYA,320623,GUNUNG TANJUNG,3206
TASIKMALAYA,320624,SINGAPARNA,3206
TASIKMALAYA,320626,SUKARAME,3206
TASIKMALAYA,320625,MANGUNREJA,3206
TASIKMALAYA,320627,CIGALONTANG,3206
TASIKMALAYA,320628,LEUWISARI,3206
TASIKMALAYA,320630,SARIWANGI,3206
TASIKMALAYA,320629,PADAKEMBANG,3206
TASIKMALAYA,320631,SUKARATU,3206
TASIKMALAYA,320632,CISAYONG,3206
TASIKMALAYA,320633,SUKAHENING,3206
TASIKMALAYA,320634,RAJAPOLAH,3206
TASIKMALAYA,320635,JAMANIS,3206
TASIKMALAYA,320636,CIAWI,3206
TASIKMALAYA,320637,KADIPATEN,3206
TASIKMALAYA,320638,PAGERAGEUNG,3206
TASIKMALAYA,320639,SUKARESIK,3206
CIAMIS,320718,BANJARSARI,3207
CIAMIS,320737,BANJARANYAR,3207
CIAMIS,320717,LAKBOK,3207
CIAMIS,320735,PURWADADI,3207
CIAMIS,320719,PAMARICAN,3207
CIAMIS,320705,CIDOLOG,3207
CIAMIS,320729,CIMARAGAS,3207
CIAMIS,320703,CIJEUNGJING,3207
CIAMIS,320730,CISAGA,3207
CIAMIS,320716,TAMBAKSARI,3207
CIAMIS,320715,RANCAH,3207
CIAMIS,320713,RAJADESA,3207
CIAMIS,320714,SUKADANA,3207
CIAMIS,320701,CIAMIS,3207
CIAMIS,320732,BAREGBEG,3207
CIAMIS,320702,CIKONENG,3207
CIAMIS,320731,SINDANGKASIH,3207
CIAMIS,320706,CIHAURBEUTI,3207
CIAMIS,320704,SADANANYA,3207
CIAMIS,320711,CIPAKU,3207
CIAMIS,320712,JATINAGARA,3207
CIAMIS,320710,PANAWANGAN,3207
CIAMIS,320709,KAWALI,3207
CIAMIS,320734,LUMBUNG,3207
CIAMIS,320708,PANJALU,3207
CIAMIS,320733,SUKAMANTRI,3207
CIAMIS,320707,PANUMBANGAN,3207
KUNINGAN,320817,DARMA,3208
KUNINGAN,320801,KADUGEDE,3208
KUNINGAN,320820,NUSAHERANG,3208
KUNINGAN,320802,CINIRU,3208
KUNINGAN,320826,HANTARA,3208
KUNINGAN,320815,SELAJAMBE,3208
KUNINGAN,320803,SUBANG,3208
KUNINGAN,320825,CILEBAK,3208
KUNINGAN,320804,CIWARU,3208
KUNINGAN,320829,KARANG KANCANA,3208
KUNINGAN,320805,CIBINGBIN,3208
KUNINGAN,320828,CIBEUREUM,3208
KUNINGAN,320806,LURAGUNG,3208
KUNINGAN,320824,CIMAHI,3208
KUNINGAN,320811,CIDAHU,3208
KUNINGAN,320827,KALIMANGGIS,3208
KUNINGAN,320810,CIAWIGEBANG,3208
KUNINGAN,320821,CIPICUNG,3208
KUNINGAN,320807,LEBAKWANGI,3208
KUNINGAN,320830,MALEBER,3208
KUNINGAN,320808,GARAWANGI,3208
KUNINGAN,320831,SINDANG AGUNG,3208
KUNINGAN,320809,KUNINGAN,3208
KUNINGAN,320818,CIGUGUR,3208
KUNINGAN,320816,KRAMATMULYA,3208
KUNINGAN,320812,JALAKSANA,3208
KUNINGAN,320823,JAPARA,3208
KUNINGAN,320813,CILIMUS,3208
KUNINGAN,320832,CIGANDAMEKAR,3208
KUNINGAN,320814,MANDIRANCAN,3208
KUNINGAN,320822,PANCALANG,3208
KUNINGAN,320819,PASAWAHAN,3208
CIREBON,320901,WALED,3209
CIREBON,320932,PASALEMAN,3209
CIREBON,320902,CILEDUG,3209
CIREBON,320933,PABUARAN,3209
CIREBON,320903,LOSARI,3209
CIREBON,320904,PABEDILAN,3209
CIREBON,320905,BABAKAN,3209
CIREBON,320930,GEBANG,3209
CIREBON,320906,KARANGSEMBUNG,3209
CIREBON,320934,KARANGWARENG,3209
CIREBON,320907,LEMAHABANG,3209
CIREBON,320908,SUSUKAN LEBAK,3209
CIREBON,320909,SEDONG,3209
CIREBON,320910,ASTANAJAPURA,3209
CIREBON,320911,PANGENAN,3209
CIREBON,320912,MUNDU,3209
CIREBON,320913,BEBER,3209
CIREBON,320938,GREGED,3209
CIREBON,320914,TALUN,3209
CIREBON,320915,SUMBER,3209
CIREBON,320916,DUKUPUNTANG,3209
CIREBON,320917,PALIMANAN,3209
CIREBON,320918,PLUMBON,3209
CIREBON,320931,DEPOK,3209
CIREBON,320919,WERU,3209
CIREBON,320936,PLERED,3209
CIREBON,320935,TENGAH TANI,3209
CIREBON,320920,KEDAWUNG,3209
CIREBON,320921,GUNUNG JATI,3209
CIREBON,320922,KAPETAKAN,3209
CIREBON,320939,SURANENGGALA,3209
CIREBON,320923,KLANGENAN,3209
CIREBON,320940,JAMBLANG,3209
CIREBON,320924,ARJAWINANGUN,3209
CIREBON,320925,PANGURAGAN,3209
CIREBON,320926,CIWARINGIN,3209
CIREBON,320937,GEMPOL,3209
CIREBON,320927,SUSUKAN,3209
CIREBON,320928,GEGESIK,3209
CIREBON,320929,KALIWEDI,3209
MAJALENGKA,321001,LEMAHSUGIH,3210
MAJALENGKA,321002,BANTARUJEG,3210
MAJALENGKA,321026,MALAUSMA,3210
MAJALENGKA,321003,CIKIJING,3210
MAJALENGKA,321023,CINGAMBUL,3210
MAJALENGKA,321004,TALAGA,3210
MAJALENGKA,321022,BANJARAN,3210
MAJALENGKA,321005,ARGAPURA,3210
MAJALENGKA,321006,MAJA,3210
MAJALENGKA,321007,MAJALENGKA,3210
MAJALENGKA,321020,CIGASONG,3210
MAJALENGKA,321008,SUKAHAJI,3210
MAJALENGKA,321025,SINDANG,3210
MAJALENGKA,321009,RAJAGALUH,3210
MAJALENGKA,321021,SINDANGWANGI,3210
MAJALENGKA,321010,LEUWIMUNDING,3210
MAJALENGKA,321019,PALASAH,3210
MAJALENGKA,321011,JATIWANGI,3210
MAJALENGKA,321012,DAWUAN,3210
MAJALENGKA,321024,KASOKANDEL,3210
MAJALENGKA,321018,PANYINGKIRAN,3210
MAJALENGKA,321013,KADIPATEN,3210
MAJALENGKA,321014,KERTAJATI,3210
MAJALENGKA,321015,JATITUJUH,3210
MAJALENGKA,321016,LIGUNG,3210
MAJALENGKA,321017,SUMBERJAYA,3210
SUMEDANG,321115,JATINANGOR,3211
SUMEDANG,321114,CIMANGGUNG,3211
SUMEDANG,321111,TANJUNGSARI,3211
SUMEDANG,321112,SUKASARI,3211
SUMEDANG,321113,PAMULIHAN,3211
SUMEDANG,321116,RANCAKALONG,3211
SUMEDANG,321117,SUMEDANG SELATAN,3211
SUMEDANG,321118,SUMEDANG UTARA,3211
SUMEDANG,321119,GANEAS,3211
SUMEDANG,321106,SITURAJA,3211
SUMEDANG,321105,CISITU,3211
SUMEDANG,321103,DARMARAJA,3211
SUMEDANG,321104,CIBUGEL,3211
SUMEDANG,321101,WADO,3211
SUMEDANG,321102,JATINUNGGAL,3211
SUMEDANG,321126,JATIGEDE,3211
SUMEDANG,321124,TOMO,3211
SUMEDANG,321125,UJUNGJAYA,3211
SUMEDANG,321107,CONGGEANG,3211
SUMEDANG,321108,PASEH,3211
SUMEDANG,321122,CIMALAKA,3211
SUMEDANG,321123,CISARUA,3211
SUMEDANG,321120,TANJUNGKERTA,3211
SUMEDANG,321121,TANJUNGMEDAR,3211
SUMEDANG,321110,BUAHDUA,3211
SUMEDANG,321109,SURIAN,3211
INDRAMAYU,321201,HAURGEULIS,3212
INDRAMAYU,321225,GANTAR,3212
INDRAMAYU,321202,KROYA,3212
INDRAMAYU,321203,GABUSWETAN,3212
INDRAMAYU,321204,CIKEDUNG,3212
INDRAMAYU,321226,TRISI,3212
INDRAMAYU,321205,LELEA,3212
INDRAMAYU,321206,BANGODUA,3212
INDRAMAYU,321230,TUKDANA,3212
INDRAMAYU,321207,WIDASARI,3212
INDRAMAYU,321208,KERTASEMAYA,3212
INDRAMAYU,321227,SUKAGUMIWANG,3212
INDRAMAYU,321209,KRANGKENG,3212
INDRAMAYU,321210,KARANGAMPEL,3212
INDRAMAYU,321228,KEDOKAN BUNDER,3212
INDRAMAYU,321211,JUNTINYUAT,3212
INDRAMAYU,321212,SLIYEG,3212
INDRAMAYU,321213,JATIBARANG,3212
INDRAMAYU,321214,BALONGAN,3212
INDRAMAYU,321215,INDRAMAYU,3212
INDRAMAYU,321216,SINDANG,3212
INDRAMAYU,321217,CANTIGI,3212
INDRAMAYU,321229,PASEKAN,3212
INDRAMAYU,321218,LOHBENER,3212
INDRAMAYU,321219,ARAHAN,3212
INDRAMAYU,321220,LOSARANG,3212
INDRAMAYU,321221,KANDANGHAUR,3212
INDRAMAYU,321222,BONGAS,3212
INDRAMAYU,321223,ANJATAN,3212
INDRAMAYU,321224,SUKRA,3212
INDRAMAYU,321231,PATROL,3212
SUBANG,321301,SAGALAHERANG,3213
SUBANG,321323,SERANGPANJANG,3213
SUBANG,321312,JALANCAGAK,3213
SUBANG,321329,CIATER,3213
SUBANG,321302,CISALAK,3213
SUBANG,321326,KASOMALANG,3213
SUBANG,321314,TANJUNGSIANG,3213
SUBANG,321319,CIJAMBE,3213
SUBANG,321317,CIBOGO,3213
SUBANG,321303,SUBANG,3213
SUBANG,321304,KALIJATI,3213
SUBANG,321327,DAWUAN,3213
SUBANG,321320,CIPEUNDEUY,3213
SUBANG,321305,PABUARAN,3213
SUBANG,321316,PATOKBEUSI,3213
SUBANG,321306,PURWADADI,3213
SUBANG,321322,CIKAUM,3213
SUBANG,321307,PAGADEN,3213
SUBANG,321328,PAGADEN BARAT,3213
SUBANG,321318,CIPUNAGARA,3213
SUBANG,321315,COMPRENG,3213
SUBANG,321308,BINONG,3213
SUBANG,321325,TAMBAKDAHAN,3213
SUBANG,321309,CIASEM,3213
SUBANG,321311,PAMANUKAN,3213
SUBANG,321324,SUKASARI,3213
SUBANG,321310,PUSAKANAGARA,3213
SUBANG,321330,PUSAKAJAYA,3213
SUBANG,321321,LEGONKULON,3213
SUBANG,321313,BLANAKAN,3213
PURWAKARTA,321403,JATILUHUR,3214
PURWAKARTA,321415,SUKASARI,3214
PURWAKARTA,321407,MANIIS,3214
PURWAKARTA,321408,TEGALWARU,3214
PURWAKARTA,321404,PLERED,3214
PURWAKARTA,321405,SUKATANI,3214
PURWAKARTA,321406,DARANGDAN,3214
PURWAKARTA,321411,BOJONG,3214
PURWAKARTA,321409,WANAYASA,3214
PURWAKARTA,321417,KIARAPEDES,3214
PURWAKARTA,321410,PASAWAHAN,3214
PURWAKARTA,321416,PONDOKSALAM,3214
PURWAKARTA,321401,PURWAKARTA,3214
PURWAKARTA,321412,BABAKANCIKAO,3214
PURWAKARTA,321402,CAMPAKA,3214
PURWAKARTA,321414,CIBATU,3214
PURWAKARTA,321413,BUNGURSARI,3214
KARAWANG,321502,PANGKALAN,3215
KARAWANG,321528,TEGALWARU,3215
KARAWANG,321504,CIAMPEL,3215
KARAWANG,321503,TELUKJAMBE TIMUR,3215
KARAWANG,321527,TELUKJAMBE BARAT,3215
KARAWANG,321505,KLARI,3215
KARAWANG,321513,CIKAMPEK,3215
KARAWANG,321529,PURWASARI,3215
KARAWANG,321516,TIRTAMULYA,3215
KARAWANG,321514,JATISARI,3215
KARAWANG,321524,BANYUSARI,3215
KARAWANG,321525,KOTA BARU,3215
KARAWANG,321515,CILAMAYA WETAN,3215
KARAWANG,321523,CILAMAYA KULON,3215
KARAWANG,321519,LEMAHABANG,3215
KARAWANG,321517,TELAGASARI,3215
KARAWANG,321521,MAJALAYA,3215
KARAWANG,321526,KARAWANG TIMUR,3215
KARAWANG,321501,KARAWANG BARAT,3215
KARAWANG,321518,RAWAMERTA,3215
KARAWANG,321520,TEMPURAN,3215
KARAWANG,321507,KUTAWALUYA,3215
KARAWANG,321506,RENGASDENGKLOK,3215
KARAWANG,321522,JAYAKERTA,3215
KARAWANG,321510,PEDES,3215
KARAWANG,321530,CILEBAR,3215
KARAWANG,321511,CIBUAYA,3215
KARAWANG,321509,TIRTAJAYA,3215
KARAWANG,321508,BATUJAYA,3215
KARAWANG,321512,PAKISJAYA,3215
BEKASI,321618,SETU,3216
BEKASI,321621,SERANG BARU,3216
BEKASI,321620,CIKARANG PUSAT,3216
BEKASI,321619,CIKARANG SELATAN,3216
BEKASI,321622,CIBARUSAH,3216
BEKASI,321623,BOJONGMANGU,3216
BEKASI,321611,CIKARANG TIMUR,3216
BEKASI,321612,KEDUNG WARINGIN,3216
BEKASI,321609,CIKARANG UTARA,3216
BEKASI,321610,KARANG BAHAGIA,3216
BEKASI,321607,CIBITUNG,3216
BEKASI,321608,CIKARANG BARAT,3216
BEKASI,321606,TAMBUN SELATAN,3216
BEKASI,321605,TAMBUN UTARA,3216
BEKASI,321602,BABELAN,3216
BEKASI,321601,TARUMAJAYA,3216
BEKASI,321604,TAMBELANG,3216
BEKASI,321603,SUKAWANGI,3216
BEKASI,321615,SUKATANI,3216
BEKASI,321614,SUKAKARYA,3216
BEKASI,321613,PEBAYURAN,3216
BEKASI,321616,CABANGBUNGIN,3216
BEKASI,321617,MUARAGEMBONG,3216
BANDUNG BARAT,321713,RONGGA,3217
BANDUNG BARAT,321715,GUNUNGHALU,3217
BANDUNG BARAT,321714,SINDANGKERTA,3217
BANDUNG BARAT,321711,CILILIN,3217
BANDUNG BARAT,321710,CIHAMPELAS,3217
BANDUNG BARAT,321712,CIPONGKOR,3217
BANDUNG BARAT,321709,BATUJAJAR,3217
BANDUNG BARAT,321716,SAGULING,3217
BANDUNG BARAT,321707,CIPATAT,3217
BANDUNG BARAT,321708,PADALARANG,3217
BANDUNG BARAT,321706,NGAMPRAH,3217
BANDUNG BARAT,321702,PARONGPONG,3217
BANDUNG BARAT,321701,LEMBANG,3217
BANDUNG BARAT,321703,CISARUA,3217
BANDUNG BARAT,321704,CIKALONGWETAN,3217
BANDUNG BARAT,321705,CIPEUNDEUY,3217
PANGANDARAN,321803,CIMERAK,3218
PANGANDARAN,321802,CIJULANG,3218
PANGANDARAN,321804,CIGUGUR,3218
PANGANDARAN,321805,LANGKAPLANCAR,3218
PANGANDARAN,321801,PARIGI,3218
PANGANDARAN,321810,SIDAMULIH,3218
PANGANDARAN,321809,PANGANDARAN,3218
PANGANDARAN,321808,KALIPUCANG,3218
PANGANDARAN,321807,PADAHERANG,3218
PANGANDARAN,321806,MANGUNJAYA,3218
KOTA BOGOR,327101,BOGOR SELATAN,3271
KOTA BOGOR,327102,BOGOR TIMUR,3271
KOTA BOGOR,327105,BOGOR UTARA,3271
KOTA BOGOR,327103,BOGOR TENGAH,3271
KOTA BOGOR,327104,BOGOR BARAT,3271
KOTA BOGOR,327106,TANAH SAREAL,3271
KOTA SUKABUMI,327205,BAROS,3272
KOTA SUKABUMI,327206,LEMBURSITU,3272
KOTA SUKABUMI,327207,CIBEUREUM,3272
KOTA SUKABUMI,327203,CITAMIANG,3272
KOTA SUKABUMI,327204,WARUDOYONG,3272
KOTA SUKABUMI,327201,GUNUNGPUYUH,3272
KOTA SUKABUMI,327202,CIKOLE,3272
KOTA BANDUNG,327315,BANDUNG KULON,3273
KOTA BANDUNG,327303,BABAKAN CIPARAY,3273
KOTA BANDUNG,327304,BOJONGLOA KALER,3273
KOTA BANDUNG,327317,BOJONGLOA KIDUL,3273
KOTA BANDUNG,327310,ASTANA ANYAR,3273
KOTA BANDUNG,327311,REGOL,3273
KOTA BANDUNG,327313,LENGKONG,3273
KOTA BANDUNG,327321,BANDUNG KIDUL,3273
KOTA BANDUNG,327322,BUAHBATU,3273
KOTA BANDUNG,327323,RANCASARI,3273
KOTA BANDUNG,327327,GEDEBAGE,3273
KOTA BANDUNG,327325,CIBIRU,3273
KOTA BANDUNG,327328,PANYILEUKAN,3273
KOTA BANDUNG,327326,UJUNGBERUNG,3273
KOTA BANDUNG,327329,CINAMBO,3273
KOTA BANDUNG,327324,ARCAMANIK,3273
KOTA BANDUNG,327320,ANTAPANI,3273
KOTA BANDUNG,327330,MANDALAJATI,3273
KOTA BANDUNG,327316,KIARACONDONG,3273
KOTA BANDUNG,327312,BATUNUNGGAL,3273
KOTA BANDUNG,327319,SUMUR BANDUNG,3273
KOTA BANDUNG,327305,ANDIR,3273
KOTA BANDUNG,327306,CICENDO,3273
KOTA BANDUNG,327309,BANDUNG WETAN,3273
KOTA BANDUNG,327314,CIBEUNYING KIDUL,3273
KOTA BANDUNG,327318,CIBEUNYING KALER,3273
KOTA BANDUNG,327302,COBLONG,3273
KOTA BANDUNG,327307,SUKAJADI,3273
KOTA BANDUNG,327301,SUKASARI,3273
KOTA BANDUNG,327308,CIDADAP,3273
KOTA CIREBON,327403,HARJAMUKTI,3274
KOTA CIREBON,327402,LEMAH WUNGKUK,3274
KOTA CIREBON,327404,PEKALIPAN,3274
KOTA CIREBON,327405,KESAMBI,3274
KOTA CIREBON,327401,KEJAKSAN,3274
KOTA BEKASI,327508,PONDOKGEDE,3275
KOTA BEKASI,327510,JATISAMPURNA,3275
KOTA BEKASI,327512,PONDOKMELATI,3275
KOTA BEKASI,327509,JATIASIH,3275
KOTA BEKASI,327507,BANTARGEBANG,3275
KOTA BEKASI,327511,MUSTIKAJAYA,3275
KOTA BEKASI,327501,BEKASI TIMUR,3275
KOTA BEKASI,327505,RAWALUMBU,3275
KOTA BEKASI,327504,BEKASI SELATAN,3275
KOTA BEKASI,327502,BEKASI BARAT,3275
KOTA BEKASI,327506,MEDANSATRIA,3275
KOTA BEKASI,327503,BEKASI UTARA,3275
KOTA DEPOK,327603,SAWANGAN,3276
KOTA DEPOK,327611,BOJONGSARI,3276
KOTA DEPOK,327601,PANCORAN MAS,3276
KOTA DEPOK,327607,CIPAYUNG,3276
KOTA DEPOK,327605,SUKMAJAYA,3276
KOTA DEPOK,327608,CILODONG,3276
KOTA DEPOK,327602,CIMANGGIS,3276
KOTA DEPOK,327610,TAPOS,3276
KOTA DEPOK,327606,BEJI,3276
KOTA DEPOK,327604,LIMO,3276
KOTA DEPOK,327609,CINERE,3276
KOTA CIMAHI,327701,CIMAHI SELATAN,3277
KOTA CIMAHI,327702,CIMAHI TENGAH,3277
KOTA CIMAHI,327703,CIMAHI UTARA,3277
KOTA TASIKMALAYA,327805,KAWALU,3278
KOTA TASIKMALAYA,327807,TAMANSARI,3278
KOTA TASIKMALAYA,327806,CIBEUREUM,3278
KOTA TASIKMALAYA,327810,PURBARATU,3278
KOTA TASIKMALAYA,327803,TAWANG,3278
KOTA TASIKMALAYA,327801,CIHIDEUNG,3278
KOTA TASIKMALAYA,327808,MANGKUBUMI,3278
KOTA TASIKMALAYA,327804,INDIHIANG,3278
KOTA TASIKMALAYA,327809,BUNGURSARI,3278
KOTA TASIKMALAYA,327802,CIPEDES,3278
KOTA BANJAR,327901,BANJAR,3279
KOTA BANJAR,327903,PURWAHARJA,3279
KOTA BANJAR,327902,PATARUMAN,3279
KOTA BANJAR,327904,LANGENSARI,3279
